3,bs_pr1_3.mod,
6,bs_pr1_6.mod,
1,bs_pr1_1.mod,
4,bs_pr1_4.mod,
7,bs_pr1_7.mod,
5,bs_pr1_5.mod,
8,bs_pr1_8.mod,
2,bs_pr1_2.mod,
9,bs_pr1_9.mod,
11,bs_pr1_11.mod,
10,bs_pr1_10.mod,
12,bs_pr1_12.mod,
13,bs_pr1_13.mod,
15,bs_pr1_15.mod,
16,bs_pr1_16.mod,
18,bs_pr1_18.mod,
19,bs_pr1_19.mod,
17,bs_pr1_17.mod,
14,bs_pr1_14.mod,
20,bs_pr1_20.mod,
21,bs_pr1_21.mod,
23,bs_pr1_23.mod,
25,bs_pr1_25.mod,
22,bs_pr1_22.mod,
26,bs_pr1_26.mod,
28,bs_pr1_28.mod,
27,bs_pr1_27.mod,
30,bs_pr1_30.mod,
24,bs_pr1_24.mod,
29,bs_pr1_29.mod,
31,bs_pr1_31.mod,
33,bs_pr1_33.mod,
32,bs_pr1_32.mod,
36,bs_pr1_36.mod,
35,bs_pr1_35.mod,
34,bs_pr1_34.mod,
39,bs_pr1_39.mod,
41,bs_pr1_41.mod,
42,bs_pr1_42.mod,
40,bs_pr1_40.mod,
38,bs_pr1_38.mod,
37,bs_pr1_37.mod,
45,bs_pr1_45.mod,
43,bs_pr1_43.mod,
44,bs_pr1_44.mod,
46,bs_pr1_46.mod,
49,bs_pr1_49.mod,
51,bs_pr1_51.mod,
52,bs_pr1_52.mod,
50,bs_pr1_50.mod,
47,bs_pr1_47.mod,
53,bs_pr1_53.mod,
48,bs_pr1_48.mod,
54,bs_pr1_54.mod,
56,bs_pr1_56.mod,
57,bs_pr1_57.mod,
58,bs_pr1_58.mod,
60,bs_pr1_60.mod,
55,bs_pr1_55.mod,
61,bs_pr1_61.mod,
59,bs_pr1_59.mod,
63,bs_pr1_63.mod,
62,bs_pr1_62.mod,
65,bs_pr1_65.mod,
64,bs_pr1_64.mod,
70,bs_pr1_70.mod,
71,bs_pr1_71.mod,
69,bs_pr1_69.mod,
68,bs_pr1_68.mod,
67,bs_pr1_67.mod,
66,bs_pr1_66.mod,
72,bs_pr1_72.mod,
74,bs_pr1_74.mod,
76,bs_pr1_76.mod,
73,bs_pr1_73.mod,
77,bs_pr1_77.mod,
78,bs_pr1_78.mod,
75,bs_pr1_75.mod,
79,bs_pr1_79.mod,
80,bs_pr1_80.mod,
81,bs_pr1_81.mod,
82,bs_pr1_82.mod,
84,bs_pr1_84.mod,
87,bs_pr1_87.mod,
83,bs_pr1_83.mod,
86,bs_pr1_86.mod,
85,bs_pr1_85.mod,
89,bs_pr1_89.mod,
88,bs_pr1_88.mod,
90,bs_pr1_90.mod,
92,bs_pr1_92.mod,
94,bs_pr1_94.mod,
95,bs_pr1_95.mod,
93,bs_pr1_93.mod,
91,bs_pr1_91.mod,
96,bs_pr1_96.mod,
97,bs_pr1_97.mod,
100,bs_pr1_100.mod,
99,bs_pr1_99.mod,
102,bs_pr1_102.mod,
105,bs_pr1_105.mod,
98,bs_pr1_98.mod,
103,bs_pr1_103.mod,
104,bs_pr1_104.mod,
107,bs_pr1_107.mod,
108,bs_pr1_108.mod,
110,bs_pr1_110.mod,
106,bs_pr1_106.mod,
101,bs_pr1_101.mod,
109,bs_pr1_109.mod,
111,bs_pr1_111.mod,
112,bs_pr1_112.mod,
115,bs_pr1_115.mod,
114,bs_pr1_114.mod,
116,bs_pr1_116.mod,
117,bs_pr1_117.mod,
118,bs_pr1_118.mod,
120,bs_pr1_120.mod,
121,bs_pr1_121.mod,
113,bs_pr1_113.mod,
123,bs_pr1_123.mod,
122,bs_pr1_122.mod,
124,bs_pr1_124.mod,
126,bs_pr1_126.mod,
119,bs_pr1_119.mod,
125,bs_pr1_125.mod,
127,bs_pr1_127.mod,
128,bs_pr1_128.mod,
129,bs_pr1_129.mod,
132,bs_pr1_132.mod,
130,bs_pr1_130.mod,
131,bs_pr1_131.mod,
134,bs_pr1_134.mod,
136,bs_pr1_136.mod,
135,bs_pr1_135.mod,
137,bs_pr1_137.mod,
138,bs_pr1_138.mod,
133,bs_pr1_133.mod,
140,bs_pr1_140.mod,
139,bs_pr1_139.mod,
141,bs_pr1_141.mod,
144,bs_pr1_144.mod,
143,bs_pr1_143.mod,
142,bs_pr1_142.mod,
147,bs_pr1_147.mod,
146,bs_pr1_146.mod,
148,bs_pr1_148.mod,
149,bs_pr1_149.mod,
145,bs_pr1_145.mod,
151,bs_pr1_151.mod,
150,bs_pr1_150.mod,
155,bs_pr1_155.mod,
152,bs_pr1_152.mod,
153,bs_pr1_153.mod,
156,bs_pr1_156.mod,
154,bs_pr1_154.mod,
159,bs_pr1_159.mod,
157,bs_pr1_157.mod,
160,bs_pr1_160.mod,
158,bs_pr1_158.mod,
162,bs_pr1_162.mod,
163,bs_pr1_163.mod,
161,bs_pr1_161.mod,
169,bs_pr1_169.mod,
164,bs_pr1_164.mod,
167,bs_pr1_167.mod,
168,bs_pr1_168.mod,
166,bs_pr1_166.mod,
174,bs_pr1_174.mod,
170,bs_pr1_170.mod,
165,bs_pr1_165.mod,
172,bs_pr1_172.mod,
173,bs_pr1_173.mod,
177,bs_pr1_177.mod,
178,bs_pr1_178.mod,
171,bs_pr1_171.mod,
175,bs_pr1_175.mod,
179,bs_pr1_179.mod,
180,bs_pr1_180.mod,
181,bs_pr1_181.mod,
176,bs_pr1_176.mod,
184,bs_pr1_184.mod,
182,bs_pr1_182.mod,
185,bs_pr1_185.mod,
189,bs_pr1_189.mod,
186,bs_pr1_186.mod,
187,bs_pr1_187.mod,
188,bs_pr1_188.mod,
193,bs_pr1_193.mod,
183,bs_pr1_183.mod,
190,bs_pr1_190.mod,
191,bs_pr1_191.mod,
194,bs_pr1_194.mod,
197,bs_pr1_197.mod,
192,bs_pr1_192.mod,
195,bs_pr1_195.mod,
198,bs_pr1_198.mod,
196,bs_pr1_196.mod,
201,bs_pr1_201.mod,
202,bs_pr1_202.mod,
203,bs_pr1_203.mod,
200,bs_pr1_200.mod,
199,bs_pr1_199.mod,
205,bs_pr1_205.mod,
204,bs_pr1_204.mod,
206,bs_pr1_206.mod,
207,bs_pr1_207.mod,
208,bs_pr1_208.mod,
213,bs_pr1_213.mod,
210,bs_pr1_210.mod,
214,bs_pr1_214.mod,
211,bs_pr1_211.mod,
209,bs_pr1_209.mod,
215,bs_pr1_215.mod,
216,bs_pr1_216.mod,
212,bs_pr1_212.mod,
220,bs_pr1_220.mod,
218,bs_pr1_218.mod,
219,bs_pr1_219.mod,
217,bs_pr1_217.mod,
221,bs_pr1_221.mod,
226,bs_pr1_226.mod,
225,bs_pr1_225.mod,
223,bs_pr1_223.mod,
222,bs_pr1_222.mod,
224,bs_pr1_224.mod,
227,bs_pr1_227.mod,
228,bs_pr1_228.mod,
231,bs_pr1_231.mod,
229,bs_pr1_229.mod,
230,bs_pr1_230.mod,
232,bs_pr1_232.mod,
234,bs_pr1_234.mod,
233,bs_pr1_233.mod,
235,bs_pr1_235.mod,
236,bs_pr1_236.mod,
237,bs_pr1_237.mod,
242,bs_pr1_242.mod,
241,bs_pr1_241.mod,
239,bs_pr1_239.mod,
238,bs_pr1_238.mod,
240,bs_pr1_240.mod,
245,bs_pr1_245.mod,
243,bs_pr1_243.mod,
246,bs_pr1_246.mod,
247,bs_pr1_247.mod,
250,bs_pr1_250.mod,
248,bs_pr1_248.mod,
244,bs_pr1_244.mod,
249,bs_pr1_249.mod,
251,bs_pr1_251.mod,
252,bs_pr1_252.mod,
253,bs_pr1_253.mod,
257,bs_pr1_257.mod,
255,bs_pr1_255.mod,
254,bs_pr1_254.mod,
259,bs_pr1_259.mod,
260,bs_pr1_260.mod,
258,bs_pr1_258.mod,
261,bs_pr1_261.mod,
263,bs_pr1_263.mod,
256,bs_pr1_256.mod,
265,bs_pr1_265.mod,
264,bs_pr1_264.mod,
262,bs_pr1_262.mod,
267,bs_pr1_267.mod,
269,bs_pr1_269.mod,
268,bs_pr1_268.mod,
266,bs_pr1_266.mod,
275,bs_pr1_275.mod,
270,bs_pr1_270.mod,
276,bs_pr1_276.mod,
277,bs_pr1_277.mod,
274,bs_pr1_274.mod,
278,bs_pr1_278.mod,
273,bs_pr1_273.mod,
282,bs_pr1_282.mod,
271,bs_pr1_271.mod,
279,bs_pr1_279.mod,
280,bs_pr1_280.mod,
283,bs_pr1_283.mod,
281,bs_pr1_281.mod,
272,bs_pr1_272.mod,
284,bs_pr1_284.mod,
286,bs_pr1_286.mod,
288,bs_pr1_288.mod,
287,bs_pr1_287.mod,
289,bs_pr1_289.mod,
291,bs_pr1_291.mod,
290,bs_pr1_290.mod,
285,bs_pr1_285.mod,
292,bs_pr1_292.mod,
293,bs_pr1_293.mod,
294,bs_pr1_294.mod,
295,bs_pr1_295.mod,
298,bs_pr1_298.mod,
301,bs_pr1_301.mod,
302,bs_pr1_302.mod,
297,bs_pr1_297.mod,
299,bs_pr1_299.mod,
304,bs_pr1_304.mod,
296,bs_pr1_296.mod,
303,bs_pr1_303.mod,
308,bs_pr1_308.mod,
300,bs_pr1_300.mod,
307,bs_pr1_307.mod,
306,bs_pr1_306.mod,
310,bs_pr1_310.mod,
309,bs_pr1_309.mod,
305,bs_pr1_305.mod,
312,bs_pr1_312.mod,
313,bs_pr1_313.mod,
315,bs_pr1_315.mod,
316,bs_pr1_316.mod,
317,bs_pr1_317.mod,
311,bs_pr1_311.mod,
320,bs_pr1_320.mod,
318,bs_pr1_318.mod,
321,bs_pr1_321.mod,
314,bs_pr1_314.mod,
319,bs_pr1_319.mod,
322,bs_pr1_322.mod,
324,bs_pr1_324.mod,
325,bs_pr1_325.mod,
326,bs_pr1_326.mod,
329,bs_pr1_329.mod,
328,bs_pr1_328.mod,
331,bs_pr1_331.mod,
333,bs_pr1_333.mod,
332,bs_pr1_332.mod,
323,bs_pr1_323.mod,
335,bs_pr1_335.mod,
330,bs_pr1_330.mod,
327,bs_pr1_327.mod,
334,bs_pr1_334.mod,
336,bs_pr1_336.mod,
339,bs_pr1_339.mod,
340,bs_pr1_340.mod,
338,bs_pr1_338.mod,
342,bs_pr1_342.mod,
341,bs_pr1_341.mod,
344,bs_pr1_344.mod,
343,bs_pr1_343.mod,
348,bs_pr1_348.mod,
337,bs_pr1_337.mod,
347,bs_pr1_347.mod,
346,bs_pr1_346.mod,
349,bs_pr1_349.mod,
350,bs_pr1_350.mod,
345,bs_pr1_345.mod,
353,bs_pr1_353.mod,
355,bs_pr1_355.mod,
352,bs_pr1_352.mod,
351,bs_pr1_351.mod,
356,bs_pr1_356.mod,
354,bs_pr1_354.mod,
357,bs_pr1_357.mod,
358,bs_pr1_358.mod,
361,bs_pr1_361.mod,
363,bs_pr1_363.mod,
359,bs_pr1_359.mod,
362,bs_pr1_362.mod,
360,bs_pr1_360.mod,
365,bs_pr1_365.mod,
364,bs_pr1_364.mod,
366,bs_pr1_366.mod,
371,bs_pr1_371.mod,
367,bs_pr1_367.mod,
368,bs_pr1_368.mod,
370,bs_pr1_370.mod,
372,bs_pr1_372.mod,
369,bs_pr1_369.mod,
374,bs_pr1_374.mod,
379,bs_pr1_379.mod,
376,bs_pr1_376.mod,
375,bs_pr1_375.mod,
378,bs_pr1_378.mod,
382,bs_pr1_382.mod,
373,bs_pr1_373.mod,
377,bs_pr1_377.mod,
381,bs_pr1_381.mod,
380,bs_pr1_380.mod,
383,bs_pr1_383.mod,
384,bs_pr1_384.mod,
387,bs_pr1_387.mod,
385,bs_pr1_385.mod,
386,bs_pr1_386.mod,
388,bs_pr1_388.mod,
392,bs_pr1_392.mod,
391,bs_pr1_391.mod,
390,bs_pr1_390.mod,
389,bs_pr1_389.mod,
393,bs_pr1_393.mod,
400,bs_pr1_400.mod,
398,bs_pr1_398.mod,
399,bs_pr1_399.mod,
401,bs_pr1_401.mod,
397,bs_pr1_397.mod,
395,bs_pr1_395.mod,
405,bs_pr1_405.mod,
402,bs_pr1_402.mod,
404,bs_pr1_404.mod,
394,bs_pr1_394.mod,
406,bs_pr1_406.mod,
403,bs_pr1_403.mod,
407,bs_pr1_407.mod,
408,bs_pr1_408.mod,
396,bs_pr1_396.mod,
410,bs_pr1_410.mod,
414,bs_pr1_414.mod,
411,bs_pr1_411.mod,
409,bs_pr1_409.mod,
412,bs_pr1_412.mod,
415,bs_pr1_415.mod,
413,bs_pr1_413.mod,
416,bs_pr1_416.mod,
418,bs_pr1_418.mod,
417,bs_pr1_417.mod,
422,bs_pr1_422.mod,
420,bs_pr1_420.mod,
419,bs_pr1_419.mod,
425,bs_pr1_425.mod,
423,bs_pr1_423.mod,
421,bs_pr1_421.mod,
426,bs_pr1_426.mod,
427,bs_pr1_427.mod,
429,bs_pr1_429.mod,
430,bs_pr1_430.mod,
428,bs_pr1_428.mod,
433,bs_pr1_433.mod,
432,bs_pr1_432.mod,
431,bs_pr1_431.mod,
424,bs_pr1_424.mod,
436,bs_pr1_436.mod,
434,bs_pr1_434.mod,
437,bs_pr1_437.mod,
435,bs_pr1_435.mod,
439,bs_pr1_439.mod,
440,bs_pr1_440.mod,
438,bs_pr1_438.mod,
442,bs_pr1_442.mod,
447,bs_pr1_447.mod,
443,bs_pr1_443.mod,
441,bs_pr1_441.mod,
444,bs_pr1_444.mod,
448,bs_pr1_448.mod,
445,bs_pr1_445.mod,
449,bs_pr1_449.mod,
450,bs_pr1_450.mod,
451,bs_pr1_451.mod,
446,bs_pr1_446.mod,
455,bs_pr1_455.mod,
453,bs_pr1_453.mod,
454,bs_pr1_454.mod,
452,bs_pr1_452.mod,
456,bs_pr1_456.mod,
460,bs_pr1_460.mod,
458,bs_pr1_458.mod,
457,bs_pr1_457.mod,
463,bs_pr1_463.mod,
461,bs_pr1_461.mod,
466,bs_pr1_466.mod,
467,bs_pr1_467.mod,
459,bs_pr1_459.mod,
465,bs_pr1_465.mod,
462,bs_pr1_462.mod,
464,bs_pr1_464.mod,
468,bs_pr1_468.mod,
469,bs_pr1_469.mod,
470,bs_pr1_470.mod,
471,bs_pr1_471.mod,
471,bs_pr1_471.mod,
468,bs_pr1_468.mod,
469,bs_pr1_469.mod,
470,bs_pr1_470.mod,
473,bs_pr1_473.mod,
472,bs_pr1_472.mod,
477,bs_pr1_477.mod,
478,bs_pr1_478.mod,
476,bs_pr1_476.mod,
475,bs_pr1_475.mod,
464,bs_pr1_464.mod,
474,bs_pr1_474.mod,
462,bs_pr1_462.mod,
479,bs_pr1_479.mod,
483,bs_pr1_483.mod,
481,bs_pr1_481.mod,
480,bs_pr1_480.mod,
485,bs_pr1_485.mod,
484,bs_pr1_484.mod,
489,bs_pr1_489.mod,
488,bs_pr1_488.mod,
482,bs_pr1_482.mod,
490,bs_pr1_490.mod,
492,bs_pr1_492.mod,
486,bs_pr1_486.mod,
491,bs_pr1_491.mod,
493,bs_pr1_493.mod,
496,bs_pr1_496.mod,
487,bs_pr1_487.mod,
494,bs_pr1_494.mod,
497,bs_pr1_497.mod,
495,bs_pr1_495.mod,
501,bs_pr1_501.mod,
498,bs_pr1_498.mod,
503,bs_pr1_503.mod,
500,bs_pr1_500.mod,
502,bs_pr1_502.mod,
499,bs_pr1_499.mod,
506,bs_pr1_506.mod,
504,bs_pr1_504.mod,
505,bs_pr1_505.mod,
509,bs_pr1_509.mod,
507,bs_pr1_507.mod,
510,bs_pr1_510.mod,
508,bs_pr1_508.mod,
511,bs_pr1_511.mod,
516,bs_pr1_516.mod,
512,bs_pr1_512.mod,
514,bs_pr1_514.mod,
517,bs_pr1_517.mod,
518,bs_pr1_518.mod,
513,bs_pr1_513.mod,
515,bs_pr1_515.mod,
519,bs_pr1_519.mod,
521,bs_pr1_521.mod,
522,bs_pr1_522.mod,
520,bs_pr1_520.mod,
525,bs_pr1_525.mod,
523,bs_pr1_523.mod,
524,bs_pr1_524.mod,
526,bs_pr1_526.mod,
528,bs_pr1_528.mod,
530,bs_pr1_530.mod,
527,bs_pr1_527.mod,
532,bs_pr1_532.mod,
534,bs_pr1_534.mod,
529,bs_pr1_529.mod,
533,bs_pr1_533.mod,
531,bs_pr1_531.mod,
535,bs_pr1_535.mod,
539,bs_pr1_539.mod,
538,bs_pr1_538.mod,
537,bs_pr1_537.mod,
543,bs_pr1_543.mod,
536,bs_pr1_536.mod,
541,bs_pr1_541.mod,
542,bs_pr1_542.mod,
545,bs_pr1_545.mod,
546,bs_pr1_546.mod,
547,bs_pr1_547.mod,
544,bs_pr1_544.mod,
550,bs_pr1_550.mod,
551,bs_pr1_551.mod,
549,bs_pr1_549.mod,
540,bs_pr1_540.mod,
552,bs_pr1_552.mod,
554,bs_pr1_554.mod,
556,bs_pr1_556.mod,
553,bs_pr1_553.mod,
548,bs_pr1_548.mod,
559,bs_pr1_559.mod,
558,bs_pr1_558.mod,
560,bs_pr1_560.mod,
555,bs_pr1_555.mod,
561,bs_pr1_561.mod,
557,bs_pr1_557.mod,
562,bs_pr1_562.mod,
563,bs_pr1_563.mod,
564,bs_pr1_564.mod,
565,bs_pr1_565.mod,
568,bs_pr1_568.mod,
569,bs_pr1_569.mod,
571,bs_pr1_571.mod,
566,bs_pr1_566.mod,
567,bs_pr1_567.mod,
570,bs_pr1_570.mod,
575,bs_pr1_575.mod,
574,bs_pr1_574.mod,
576,bs_pr1_576.mod,
573,bs_pr1_573.mod,
577,bs_pr1_577.mod,
578,bs_pr1_578.mod,
572,bs_pr1_572.mod,
582,bs_pr1_582.mod,
580,bs_pr1_580.mod,
579,bs_pr1_579.mod,
584,bs_pr1_584.mod,
581,bs_pr1_581.mod,
586,bs_pr1_586.mod,
585,bs_pr1_585.mod,
583,bs_pr1_583.mod,
587,bs_pr1_587.mod,
590,bs_pr1_590.mod,
588,bs_pr1_588.mod,
591,bs_pr1_591.mod,
592,bs_pr1_592.mod,
593,bs_pr1_593.mod,
594,bs_pr1_594.mod,
595,bs_pr1_595.mod,
598,bs_pr1_598.mod,
597,bs_pr1_597.mod,
589,bs_pr1_589.mod,
601,bs_pr1_601.mod,
599,bs_pr1_599.mod,
602,bs_pr1_602.mod,
605,bs_pr1_605.mod,
600,bs_pr1_600.mod,
604,bs_pr1_604.mod,
606,bs_pr1_606.mod,
596,bs_pr1_596.mod,
607,bs_pr1_607.mod,
609,bs_pr1_609.mod,
603,bs_pr1_603.mod,
610,bs_pr1_610.mod,
608,bs_pr1_608.mod,
611,bs_pr1_611.mod,
613,bs_pr1_613.mod,
614,bs_pr1_614.mod,
617,bs_pr1_617.mod,
615,bs_pr1_615.mod,
612,bs_pr1_612.mod,
620,bs_pr1_620.mod,
619,bs_pr1_619.mod,
618,bs_pr1_618.mod,
626,bs_pr1_626.mod,
622,bs_pr1_622.mod,
621,bs_pr1_621.mod,
624,bs_pr1_624.mod,
623,bs_pr1_623.mod,
627,bs_pr1_627.mod,
625,bs_pr1_625.mod,
629,bs_pr1_629.mod,
616,bs_pr1_616.mod,
631,bs_pr1_631.mod,
630,bs_pr1_630.mod,
634,bs_pr1_634.mod,
628,bs_pr1_628.mod,
633,bs_pr1_633.mod,
635,bs_pr1_635.mod,
632,bs_pr1_632.mod,
639,bs_pr1_639.mod,
637,bs_pr1_637.mod,
638,bs_pr1_638.mod,
641,bs_pr1_641.mod,
636,bs_pr1_636.mod,
644,bs_pr1_644.mod,
642,bs_pr1_642.mod,
640,bs_pr1_640.mod,
643,bs_pr1_643.mod,
646,bs_pr1_646.mod,
650,bs_pr1_650.mod,
649,bs_pr1_649.mod,
652,bs_pr1_652.mod,
651,bs_pr1_651.mod,
645,bs_pr1_645.mod,
653,bs_pr1_653.mod,
648,bs_pr1_648.mod,
654,bs_pr1_654.mod,
655,bs_pr1_655.mod,
656,bs_pr1_656.mod,
647,bs_pr1_647.mod,
657,bs_pr1_657.mod,
662,bs_pr1_662.mod,
659,bs_pr1_659.mod,
660,bs_pr1_660.mod,
658,bs_pr1_658.mod,
663,bs_pr1_663.mod,
664,bs_pr1_664.mod,
665,bs_pr1_665.mod,
661,bs_pr1_661.mod,
666,bs_pr1_666.mod,
668,bs_pr1_668.mod,
671,bs_pr1_671.mod,
667,bs_pr1_667.mod,
673,bs_pr1_673.mod,
670,bs_pr1_670.mod,
675,bs_pr1_675.mod,
676,bs_pr1_676.mod,
677,bs_pr1_677.mod,
669,bs_pr1_669.mod,
678,bs_pr1_678.mod,
680,bs_pr1_680.mod,
674,bs_pr1_674.mod,
682,bs_pr1_682.mod,
672,bs_pr1_672.mod,
679,bs_pr1_679.mod,
685,bs_pr1_685.mod,
684,bs_pr1_684.mod,
683,bs_pr1_683.mod,
681,bs_pr1_681.mod,
688,bs_pr1_688.mod,
687,bs_pr1_687.mod,
689,bs_pr1_689.mod,
691,bs_pr1_691.mod,
690,bs_pr1_690.mod,
686,bs_pr1_686.mod,
695,bs_pr1_695.mod,
693,bs_pr1_693.mod,
696,bs_pr1_696.mod,
694,bs_pr1_694.mod,
692,bs_pr1_692.mod,
697,bs_pr1_697.mod,
698,bs_pr1_698.mod,
699,bs_pr1_699.mod,
703,bs_pr1_703.mod,
701,bs_pr1_701.mod,
706,bs_pr1_706.mod,
700,bs_pr1_700.mod,
704,bs_pr1_704.mod,
707,bs_pr1_707.mod,
702,bs_pr1_702.mod,
708,bs_pr1_708.mod,
705,bs_pr1_705.mod,
712,bs_pr1_712.mod,
709,bs_pr1_709.mod,
713,bs_pr1_713.mod,
711,bs_pr1_711.mod,
714,bs_pr1_714.mod,
710,bs_pr1_710.mod,
715,bs_pr1_715.mod,
716,bs_pr1_716.mod,
717,bs_pr1_717.mod,
718,bs_pr1_718.mod,
719,bs_pr1_719.mod,
722,bs_pr1_722.mod,
721,bs_pr1_721.mod,
724,bs_pr1_724.mod,
723,bs_pr1_723.mod,
720,bs_pr1_720.mod,
728,bs_pr1_728.mod,
729,bs_pr1_729.mod,
725,bs_pr1_725.mod,
726,bs_pr1_726.mod,
730,bs_pr1_730.mod,
731,bs_pr1_731.mod,
734,bs_pr1_734.mod,
732,bs_pr1_732.mod,
727,bs_pr1_727.mod,
736,bs_pr1_736.mod,
733,bs_pr1_733.mod,
738,bs_pr1_738.mod,
737,bs_pr1_737.mod,
740,bs_pr1_740.mod,
735,bs_pr1_735.mod,
741,bs_pr1_741.mod,
742,bs_pr1_742.mod,
739,bs_pr1_739.mod,
744,bs_pr1_744.mod,
745,bs_pr1_745.mod,
746,bs_pr1_746.mod,
743,bs_pr1_743.mod,
748,bs_pr1_748.mod,
749,bs_pr1_749.mod,
747,bs_pr1_747.mod,
750,bs_pr1_750.mod,
752,bs_pr1_752.mod,
751,bs_pr1_751.mod,
753,bs_pr1_753.mod,
758,bs_pr1_758.mod,
757,bs_pr1_757.mod,
756,bs_pr1_756.mod,
754,bs_pr1_754.mod,
760,bs_pr1_760.mod,
761,bs_pr1_761.mod,
755,bs_pr1_755.mod,
759,bs_pr1_759.mod,
763,bs_pr1_763.mod,
764,bs_pr1_764.mod,
762,bs_pr1_762.mod,
769,bs_pr1_769.mod,
765,bs_pr1_765.mod,
770,bs_pr1_770.mod,
767,bs_pr1_767.mod,
768,bs_pr1_768.mod,
772,bs_pr1_772.mod,
771,bs_pr1_771.mod,
766,bs_pr1_766.mod,
778,bs_pr1_778.mod,
776,bs_pr1_776.mod,
777,bs_pr1_777.mod,
779,bs_pr1_779.mod,
774,bs_pr1_774.mod,
775,bs_pr1_775.mod,
782,bs_pr1_782.mod,
780,bs_pr1_780.mod,
773,bs_pr1_773.mod,
783,bs_pr1_783.mod,
781,bs_pr1_781.mod,
784,bs_pr1_784.mod,
786,bs_pr1_786.mod,
785,bs_pr1_785.mod,
794,bs_pr1_794.mod,
793,bs_pr1_793.mod,
790,bs_pr1_790.mod,
788,bs_pr1_788.mod,
791,bs_pr1_791.mod,
789,bs_pr1_789.mod,
787,bs_pr1_787.mod,
792,bs_pr1_792.mod,
796,bs_pr1_796.mod,
800,bs_pr1_800.mod,
797,bs_pr1_797.mod,
799,bs_pr1_799.mod,
798,bs_pr1_798.mod,
801,bs_pr1_801.mod,
803,bs_pr1_803.mod,
802,bs_pr1_802.mod,
795,bs_pr1_795.mod,
806,bs_pr1_806.mod,
804,bs_pr1_804.mod,
805,bs_pr1_805.mod,
809,bs_pr1_809.mod,
810,bs_pr1_810.mod,
808,bs_pr1_808.mod,
807,bs_pr1_807.mod,
811,bs_pr1_811.mod,
813,bs_pr1_813.mod,
814,bs_pr1_814.mod,
812,bs_pr1_812.mod,
815,bs_pr1_815.mod,
816,bs_pr1_816.mod,
819,bs_pr1_819.mod,
817,bs_pr1_817.mod,
818,bs_pr1_818.mod,
826,bs_pr1_826.mod,
820,bs_pr1_820.mod,
821,bs_pr1_821.mod,
823,bs_pr1_823.mod,
824,bs_pr1_824.mod,
825,bs_pr1_825.mod,
822,bs_pr1_822.mod,
831,bs_pr1_831.mod,
828,bs_pr1_828.mod,
834,bs_pr1_834.mod,
833,bs_pr1_833.mod,
830,bs_pr1_830.mod,
829,bs_pr1_829.mod,
832,bs_pr1_832.mod,
827,bs_pr1_827.mod,
838,bs_pr1_838.mod,
839,bs_pr1_839.mod,
840,bs_pr1_840.mod,
837,bs_pr1_837.mod,
841,bs_pr1_841.mod,
835,bs_pr1_835.mod,
843,bs_pr1_843.mod,
836,bs_pr1_836.mod,
842,bs_pr1_842.mod,
847,bs_pr1_847.mod,
846,bs_pr1_846.mod,
844,bs_pr1_844.mod,
845,bs_pr1_845.mod,
849,bs_pr1_849.mod,
848,bs_pr1_848.mod,
853,bs_pr1_853.mod,
852,bs_pr1_852.mod,
851,bs_pr1_851.mod,
856,bs_pr1_856.mod,
850,bs_pr1_850.mod,
854,bs_pr1_854.mod,
857,bs_pr1_857.mod,
855,bs_pr1_855.mod,
858,bs_pr1_858.mod,
861,bs_pr1_861.mod,
860,bs_pr1_860.mod,
862,bs_pr1_862.mod,
866,bs_pr1_866.mod,
864,bs_pr1_864.mod,
859,bs_pr1_859.mod,
865,bs_pr1_865.mod,
863,bs_pr1_863.mod,
867,bs_pr1_867.mod,
870,bs_pr1_870.mod,
868,bs_pr1_868.mod,
875,bs_pr1_875.mod,
873,bs_pr1_873.mod,
869,bs_pr1_869.mod,
872,bs_pr1_872.mod,
877,bs_pr1_877.mod,
871,bs_pr1_871.mod,
879,bs_pr1_879.mod,
874,bs_pr1_874.mod,
876,bs_pr1_876.mod,
880,bs_pr1_880.mod,
882,bs_pr1_882.mod,
886,bs_pr1_886.mod,
887,bs_pr1_887.mod,
885,bs_pr1_885.mod,
883,bs_pr1_883.mod,
881,bs_pr1_881.mod,
884,bs_pr1_884.mod,
892,bs_pr1_892.mod,
893,bs_pr1_893.mod,
891,bs_pr1_891.mod,
888,bs_pr1_888.mod,
890,bs_pr1_890.mod,
894,bs_pr1_894.mod,
889,bs_pr1_889.mod,
896,bs_pr1_896.mod,
878,bs_pr1_878.mod,
898,bs_pr1_898.mod,
895,bs_pr1_895.mod,
899,bs_pr1_899.mod,
900,bs_pr1_900.mod,
901,bs_pr1_901.mod,
902,bs_pr1_902.mod,
904,bs_pr1_904.mod,
897,bs_pr1_897.mod,
906,bs_pr1_906.mod,
907,bs_pr1_907.mod,
905,bs_pr1_905.mod,
903,bs_pr1_903.mod,
911,bs_pr1_911.mod,
908,bs_pr1_908.mod,
909,bs_pr1_909.mod,
913,bs_pr1_913.mod,
915,bs_pr1_915.mod,
918,bs_pr1_918.mod,
910,bs_pr1_910.mod,
916,bs_pr1_916.mod,
920,bs_pr1_920.mod,
914,bs_pr1_914.mod,
917,bs_pr1_917.mod,
919,bs_pr1_919.mod,
922,bs_pr1_922.mod,
921,bs_pr1_921.mod,
912,bs_pr1_912.mod,
924,bs_pr1_924.mod,
923,bs_pr1_923.mod,
925,bs_pr1_925.mod,
929,bs_pr1_929.mod,
926,bs_pr1_926.mod,
934,bs_pr1_934.mod,
930,bs_pr1_930.mod,
932,bs_pr1_932.mod,
927,bs_pr1_927.mod,
928,bs_pr1_928.mod,
933,bs_pr1_933.mod,
931,bs_pr1_931.mod,
936,bs_pr1_936.mod,
941,bs_pr1_941.mod,
938,bs_pr1_938.mod,
935,bs_pr1_935.mod,
939,bs_pr1_939.mod,
943,bs_pr1_943.mod,
937,bs_pr1_937.mod,
945,bs_pr1_945.mod,
940,bs_pr1_940.mod,
946,bs_pr1_946.mod,
949,bs_pr1_949.mod,
947,bs_pr1_947.mod,
948,bs_pr1_948.mod,
942,bs_pr1_942.mod,
950,bs_pr1_950.mod,
952,bs_pr1_952.mod,
951,bs_pr1_951.mod,
944,bs_pr1_944.mod,
955,bs_pr1_955.mod,
953,bs_pr1_953.mod,
957,bs_pr1_957.mod,
954,bs_pr1_954.mod,
960,bs_pr1_960.mod,
963,bs_pr1_963.mod,
958,bs_pr1_958.mod,
964,bs_pr1_964.mod,
956,bs_pr1_956.mod,
961,bs_pr1_961.mod,
962,bs_pr1_962.mod,
965,bs_pr1_965.mod,
959,bs_pr1_959.mod,
966,bs_pr1_966.mod,
968,bs_pr1_968.mod,
967,bs_pr1_967.mod,
971,bs_pr1_971.mod,
972,bs_pr1_972.mod,
973,bs_pr1_973.mod,
970,bs_pr1_970.mod,
975,bs_pr1_975.mod,
976,bs_pr1_976.mod,
979,bs_pr1_979.mod,
969,bs_pr1_969.mod,
980,bs_pr1_980.mod,
981,bs_pr1_981.mod,
984,bs_pr1_984.mod,
977,bs_pr1_977.mod,
983,bs_pr1_983.mod,
974,bs_pr1_974.mod,
985,bs_pr1_985.mod,
978,bs_pr1_978.mod,
986,bs_pr1_986.mod,
988,bs_pr1_988.mod,
989,bs_pr1_989.mod,
982,bs_pr1_982.mod,
990,bs_pr1_990.mod,
987,bs_pr1_987.mod,
991,bs_pr1_991.mod,
994,bs_pr1_994.mod,
993,bs_pr1_993.mod,
995,bs_pr1_995.mod,
997,bs_pr1_997.mod,
992,bs_pr1_992.mod,
1001,bs_pr1_1001.mod,
1004,bs_pr1_1004.mod,
1002,bs_pr1_1002.mod,
999,bs_pr1_999.mod,
996,bs_pr1_996.mod,
998,bs_pr1_998.mod,
1000,bs_pr1_1000.mod,
1003,bs_pr1_1003.mod,
1005,bs_pr1_1005.mod,
1008,bs_pr1_1008.mod,
1010,bs_pr1_1010.mod,
1006,bs_pr1_1006.mod,
1007,bs_pr1_1007.mod,
1012,bs_pr1_1012.mod,
1011,bs_pr1_1011.mod,
1009,bs_pr1_1009.mod,
1013,bs_pr1_1013.mod,
1017,bs_pr1_1017.mod,
1021,bs_pr1_1021.mod,
1015,bs_pr1_1015.mod,
1020,bs_pr1_1020.mod,
1014,bs_pr1_1014.mod,
1016,bs_pr1_1016.mod,
1018,bs_pr1_1018.mod,
1019,bs_pr1_1019.mod,
1024,bs_pr1_1024.mod,
1027,bs_pr1_1027.mod,
1026,bs_pr1_1026.mod,
1022,bs_pr1_1022.mod,
1028,bs_pr1_1028.mod,
1029,bs_pr1_1029.mod,
1031,bs_pr1_1031.mod,
1030,bs_pr1_1030.mod,
1025,bs_pr1_1025.mod,
1023,bs_pr1_1023.mod,
1033,bs_pr1_1033.mod,
1032,bs_pr1_1032.mod,
1034,bs_pr1_1034.mod,
1039,bs_pr1_1039.mod,
1035,bs_pr1_1035.mod,
1037,bs_pr1_1037.mod,
1038,bs_pr1_1038.mod,
1041,bs_pr1_1041.mod,
1036,bs_pr1_1036.mod,
1040,bs_pr1_1040.mod,
1044,bs_pr1_1044.mod,
1042,bs_pr1_1042.mod,
1045,bs_pr1_1045.mod,
1047,bs_pr1_1047.mod,
1043,bs_pr1_1043.mod,
1046,bs_pr1_1046.mod,
1049,bs_pr1_1049.mod,
1048,bs_pr1_1048.mod,
1051,bs_pr1_1051.mod,
1054,bs_pr1_1054.mod,
1050,bs_pr1_1050.mod,
1052,bs_pr1_1052.mod,
1056,bs_pr1_1056.mod,
1057,bs_pr1_1057.mod,
1053,bs_pr1_1053.mod,
1059,bs_pr1_1059.mod,
1055,bs_pr1_1055.mod,
1060,bs_pr1_1060.mod,
1061,bs_pr1_1061.mod,
1064,bs_pr1_1064.mod,
1058,bs_pr1_1058.mod,
1062,bs_pr1_1062.mod,
1065,bs_pr1_1065.mod,
1067,bs_pr1_1067.mod,
1068,bs_pr1_1068.mod,
1069,bs_pr1_1069.mod,
1063,bs_pr1_1063.mod,
1066,bs_pr1_1066.mod,
1071,bs_pr1_1071.mod,
1072,bs_pr1_1072.mod,
1073,bs_pr1_1073.mod,
1075,bs_pr1_1075.mod,
1070,bs_pr1_1070.mod,
1076,bs_pr1_1076.mod,
1074,bs_pr1_1074.mod,
1079,bs_pr1_1079.mod,
1078,bs_pr1_1078.mod,
1077,bs_pr1_1077.mod,
1083,bs_pr1_1083.mod,
1084,bs_pr1_1084.mod,
1085,bs_pr1_1085.mod,
1080,bs_pr1_1080.mod,
1082,bs_pr1_1082.mod,
1086,bs_pr1_1086.mod,
1088,bs_pr1_1088.mod,
1081,bs_pr1_1081.mod,
1089,bs_pr1_1089.mod,
1090,bs_pr1_1090.mod,
1093,bs_pr1_1093.mod,
1092,bs_pr1_1092.mod,
1087,bs_pr1_1087.mod,
1095,bs_pr1_1095.mod,
1094,bs_pr1_1094.mod,
1091,bs_pr1_1091.mod,
1096,bs_pr1_1096.mod,
1100,bs_pr1_1100.mod,
1098,bs_pr1_1098.mod,
1101,bs_pr1_1101.mod,
1097,bs_pr1_1097.mod,
1099,bs_pr1_1099.mod,
1103,bs_pr1_1103.mod,
1104,bs_pr1_1104.mod,
1107,bs_pr1_1107.mod,
1106,bs_pr1_1106.mod,
1102,bs_pr1_1102.mod,
1108,bs_pr1_1108.mod,
1110,bs_pr1_1110.mod,
1112,bs_pr1_1112.mod,
1109,bs_pr1_1109.mod,
1105,bs_pr1_1105.mod,
1111,bs_pr1_1111.mod,
1114,bs_pr1_1114.mod,
1113,bs_pr1_1113.mod,
1116,bs_pr1_1116.mod,
1119,bs_pr1_1119.mod,
1117,bs_pr1_1117.mod,
1121,bs_pr1_1121.mod,
1120,bs_pr1_1120.mod,
1115,bs_pr1_1115.mod,
1122,bs_pr1_1122.mod,
1126,bs_pr1_1126.mod,
1118,bs_pr1_1118.mod,
1128,bs_pr1_1128.mod,
1124,bs_pr1_1124.mod,
1127,bs_pr1_1127.mod,
1123,bs_pr1_1123.mod,
1130,bs_pr1_1130.mod,
1129,bs_pr1_1129.mod,
1131,bs_pr1_1131.mod,
1132,bs_pr1_1132.mod,
1125,bs_pr1_1125.mod,
1134,bs_pr1_1134.mod,
1135,bs_pr1_1135.mod,
1136,bs_pr1_1136.mod,
1137,bs_pr1_1137.mod,
1139,bs_pr1_1139.mod,
1140,bs_pr1_1140.mod,
1133,bs_pr1_1133.mod,
1141,bs_pr1_1141.mod,
1138,bs_pr1_1138.mod,
1142,bs_pr1_1142.mod,
1144,bs_pr1_1144.mod,
1145,bs_pr1_1145.mod,
1146,bs_pr1_1146.mod,
1147,bs_pr1_1147.mod,
1148,bs_pr1_1148.mod,
1149,bs_pr1_1149.mod,
1151,bs_pr1_1151.mod,
1153,bs_pr1_1153.mod,
1154,bs_pr1_1154.mod,
1150,bs_pr1_1150.mod,
1156,bs_pr1_1156.mod,
1155,bs_pr1_1155.mod,
1143,bs_pr1_1143.mod,
1159,bs_pr1_1159.mod,
1152,bs_pr1_1152.mod,
1157,bs_pr1_1157.mod,
1162,bs_pr1_1162.mod,
1161,bs_pr1_1161.mod,
1158,bs_pr1_1158.mod,
1160,bs_pr1_1160.mod,
1163,bs_pr1_1163.mod,
1164,bs_pr1_1164.mod,
1166,bs_pr1_1166.mod,
1165,bs_pr1_1165.mod,
1171,bs_pr1_1171.mod,
1168,bs_pr1_1168.mod,
1170,bs_pr1_1170.mod,
1167,bs_pr1_1167.mod,
1175,bs_pr1_1175.mod,
1169,bs_pr1_1169.mod,
1172,bs_pr1_1172.mod,
1173,bs_pr1_1173.mod,
1178,bs_pr1_1178.mod,
1176,bs_pr1_1176.mod,
1177,bs_pr1_1177.mod,
1174,bs_pr1_1174.mod,
1182,bs_pr1_1182.mod,
1179,bs_pr1_1179.mod,
1180,bs_pr1_1180.mod,
1183,bs_pr1_1183.mod,
1181,bs_pr1_1181.mod,
1184,bs_pr1_1184.mod,
1186,bs_pr1_1186.mod,
1188,bs_pr1_1188.mod,
1185,bs_pr1_1185.mod,
1189,bs_pr1_1189.mod,
1190,bs_pr1_1190.mod,
1187,bs_pr1_1187.mod,
1194,bs_pr1_1194.mod,
1192,bs_pr1_1192.mod,
1195,bs_pr1_1195.mod,
1191,bs_pr1_1191.mod,
1200,bs_pr1_1200.mod,
1199,bs_pr1_1199.mod,
1197,bs_pr1_1197.mod,
1201,bs_pr1_1201.mod,
1198,bs_pr1_1198.mod,
1203,bs_pr1_1203.mod,
1202,bs_pr1_1202.mod,
1204,bs_pr1_1204.mod,
1196,bs_pr1_1196.mod,
1205,bs_pr1_1205.mod,
1207,bs_pr1_1207.mod,
1210,bs_pr1_1210.mod,
1193,bs_pr1_1193.mod,
1212,bs_pr1_1212.mod,
1209,bs_pr1_1209.mod,
1206,bs_pr1_1206.mod,
1208,bs_pr1_1208.mod,
1211,bs_pr1_1211.mod,
1215,bs_pr1_1215.mod,
1214,bs_pr1_1214.mod,
1217,bs_pr1_1217.mod,
1218,bs_pr1_1218.mod,
1223,bs_pr1_1223.mod,
1219,bs_pr1_1219.mod,
1222,bs_pr1_1222.mod,
1221,bs_pr1_1221.mod,
1224,bs_pr1_1224.mod,
1213,bs_pr1_1213.mod,
1227,bs_pr1_1227.mod,
1220,bs_pr1_1220.mod,
1225,bs_pr1_1225.mod,
1226,bs_pr1_1226.mod,
1229,bs_pr1_1229.mod,
1216,bs_pr1_1216.mod,
1228,bs_pr1_1228.mod,
1232,bs_pr1_1232.mod,
1233,bs_pr1_1233.mod,
1230,bs_pr1_1230.mod,
1231,bs_pr1_1231.mod,
1235,bs_pr1_1235.mod,
1237,bs_pr1_1237.mod,
1234,bs_pr1_1234.mod,
1239,bs_pr1_1239.mod,
1241,bs_pr1_1241.mod,
1243,bs_pr1_1243.mod,
1240,bs_pr1_1240.mod,
1238,bs_pr1_1238.mod,
1236,bs_pr1_1236.mod,
1242,bs_pr1_1242.mod,
1246,bs_pr1_1246.mod,
1245,bs_pr1_1245.mod,
1244,bs_pr1_1244.mod,
1247,bs_pr1_1247.mod,
1250,bs_pr1_1250.mod,
1248,bs_pr1_1248.mod,
1251,bs_pr1_1251.mod,
1249,bs_pr1_1249.mod,
1255,bs_pr1_1255.mod,
1252,bs_pr1_1252.mod,
1253,bs_pr1_1253.mod,
1258,bs_pr1_1258.mod,
1257,bs_pr1_1257.mod,
1256,bs_pr1_1256.mod,
1260,bs_pr1_1260.mod,
1254,bs_pr1_1254.mod,
1259,bs_pr1_1259.mod,
1263,bs_pr1_1263.mod,
1262,bs_pr1_1262.mod,
1261,bs_pr1_1261.mod,
1264,bs_pr1_1264.mod,
1265,bs_pr1_1265.mod,
1266,bs_pr1_1266.mod,
1270,bs_pr1_1270.mod,
1268,bs_pr1_1268.mod,
1269,bs_pr1_1269.mod,
1272,bs_pr1_1272.mod,
1274,bs_pr1_1274.mod,
1267,bs_pr1_1267.mod,
1271,bs_pr1_1271.mod,
1276,bs_pr1_1276.mod,
1273,bs_pr1_1273.mod,
1279,bs_pr1_1279.mod,
1277,bs_pr1_1277.mod,
1283,bs_pr1_1283.mod,
1275,bs_pr1_1275.mod,
1278,bs_pr1_1278.mod,
1284,bs_pr1_1284.mod,
1280,bs_pr1_1280.mod,
1287,bs_pr1_1287.mod,
1282,bs_pr1_1282.mod,
1288,bs_pr1_1288.mod,
1281,bs_pr1_1281.mod,
1289,bs_pr1_1289.mod,
1290,bs_pr1_1290.mod,
1286,bs_pr1_1286.mod,
1292,bs_pr1_1292.mod,
1285,bs_pr1_1285.mod,
1294,bs_pr1_1294.mod,
1295,bs_pr1_1295.mod,
1291,bs_pr1_1291.mod,
1296,bs_pr1_1296.mod,
1293,bs_pr1_1293.mod,
1297,bs_pr1_1297.mod,
1298,bs_pr1_1298.mod,
1299,bs_pr1_1299.mod,
1301,bs_pr1_1301.mod,
1302,bs_pr1_1302.mod,
1304,bs_pr1_1304.mod,
1305,bs_pr1_1305.mod,
1306,bs_pr1_1306.mod,
1300,bs_pr1_1300.mod,
1303,bs_pr1_1303.mod,
1307,bs_pr1_1307.mod,
1311,bs_pr1_1311.mod,
1308,bs_pr1_1308.mod,
1313,bs_pr1_1313.mod,
1309,bs_pr1_1309.mod,
1310,bs_pr1_1310.mod,
1315,bs_pr1_1315.mod,
1312,bs_pr1_1312.mod,
1316,bs_pr1_1316.mod,
1317,bs_pr1_1317.mod,
1318,bs_pr1_1318.mod,
1314,bs_pr1_1314.mod,
1323,bs_pr1_1323.mod,
1319,bs_pr1_1319.mod,
1322,bs_pr1_1322.mod,
1321,bs_pr1_1321.mod,
1324,bs_pr1_1324.mod,
1325,bs_pr1_1325.mod,
1320,bs_pr1_1320.mod,
1327,bs_pr1_1327.mod,
1331,bs_pr1_1331.mod,
1329,bs_pr1_1329.mod,
1328,bs_pr1_1328.mod,
1330,bs_pr1_1330.mod,
1326,bs_pr1_1326.mod,
1332,bs_pr1_1332.mod,
1333,bs_pr1_1333.mod,
1339,bs_pr1_1339.mod,
1335,bs_pr1_1335.mod,
1340,bs_pr1_1340.mod,
1337,bs_pr1_1337.mod,
1336,bs_pr1_1336.mod,
1338,bs_pr1_1338.mod,
1344,bs_pr1_1344.mod,
1341,bs_pr1_1341.mod,
1342,bs_pr1_1342.mod,
1346,bs_pr1_1346.mod,
1347,bs_pr1_1347.mod,
1334,bs_pr1_1334.mod,
1343,bs_pr1_1343.mod,
1345,bs_pr1_1345.mod,
1348,bs_pr1_1348.mod,
1349,bs_pr1_1349.mod,
1353,bs_pr1_1353.mod,
1354,bs_pr1_1354.mod,
1350,bs_pr1_1350.mod,
1352,bs_pr1_1352.mod,
1356,bs_pr1_1356.mod,
1361,bs_pr1_1361.mod,
1359,bs_pr1_1359.mod,
1355,bs_pr1_1355.mod,
1351,bs_pr1_1351.mod,
1357,bs_pr1_1357.mod,
1358,bs_pr1_1358.mod,
1362,bs_pr1_1362.mod,
1363,bs_pr1_1363.mod,
1364,bs_pr1_1364.mod,
1360,bs_pr1_1360.mod,
1369,bs_pr1_1369.mod,
1370,bs_pr1_1370.mod,
1372,bs_pr1_1372.mod,
1371,bs_pr1_1371.mod,
1368,bs_pr1_1368.mod,
1367,bs_pr1_1367.mod,
1366,bs_pr1_1366.mod,
1374,bs_pr1_1374.mod,
1365,bs_pr1_1365.mod,
1377,bs_pr1_1377.mod,
1376,bs_pr1_1376.mod,
1373,bs_pr1_1373.mod,
1379,bs_pr1_1379.mod,
1380,bs_pr1_1380.mod,
1375,bs_pr1_1375.mod,
1378,bs_pr1_1378.mod,
1381,bs_pr1_1381.mod,
1383,bs_pr1_1383.mod,
1385,bs_pr1_1385.mod,
1382,bs_pr1_1382.mod,
1388,bs_pr1_1388.mod,
1386,bs_pr1_1386.mod,
1384,bs_pr1_1384.mod,
1387,bs_pr1_1387.mod,
1391,bs_pr1_1391.mod,
1389,bs_pr1_1389.mod,
1393,bs_pr1_1393.mod,
1390,bs_pr1_1390.mod,
1392,bs_pr1_1392.mod,
1394,bs_pr1_1394.mod,
1396,bs_pr1_1396.mod,
1399,bs_pr1_1399.mod,
1395,bs_pr1_1395.mod,
1397,bs_pr1_1397.mod,
1400,bs_pr1_1400.mod,
1401,bs_pr1_1401.mod,
1403,bs_pr1_1403.mod,
1402,bs_pr1_1402.mod,
1405,bs_pr1_1405.mod,
1408,bs_pr1_1408.mod,
1398,bs_pr1_1398.mod,
1407,bs_pr1_1407.mod,
1406,bs_pr1_1406.mod,
1410,bs_pr1_1410.mod,
1409,bs_pr1_1409.mod,
1404,bs_pr1_1404.mod,
1411,bs_pr1_1411.mod,
1414,bs_pr1_1414.mod,
1413,bs_pr1_1413.mod,
1415,bs_pr1_1415.mod,
1417,bs_pr1_1417.mod,
1416,bs_pr1_1416.mod,
1412,bs_pr1_1412.mod,
1422,bs_pr1_1422.mod,
1420,bs_pr1_1420.mod,
1421,bs_pr1_1421.mod,
1419,bs_pr1_1419.mod,
1418,bs_pr1_1418.mod,
1424,bs_pr1_1424.mod,
1425,bs_pr1_1425.mod,
1427,bs_pr1_1427.mod,
1426,bs_pr1_1426.mod,
1431,bs_pr1_1431.mod,
1423,bs_pr1_1423.mod,
1429,bs_pr1_1429.mod,
1430,bs_pr1_1430.mod,
1428,bs_pr1_1428.mod,
1432,bs_pr1_1432.mod,
1436,bs_pr1_1436.mod,
1437,bs_pr1_1437.mod,
1434,bs_pr1_1434.mod,
1438,bs_pr1_1438.mod,
1440,bs_pr1_1440.mod,
1433,bs_pr1_1433.mod,
1435,bs_pr1_1435.mod,
1441,bs_pr1_1441.mod,
1439,bs_pr1_1439.mod,
1445,bs_pr1_1445.mod,
1443,bs_pr1_1443.mod,
1444,bs_pr1_1444.mod,
1446,bs_pr1_1446.mod,
1447,bs_pr1_1447.mod,
1448,bs_pr1_1448.mod,
1449,bs_pr1_1449.mod,
1452,bs_pr1_1452.mod,
1450,bs_pr1_1450.mod,
1451,bs_pr1_1451.mod,
1442,bs_pr1_1442.mod,
1455,bs_pr1_1455.mod,
1453,bs_pr1_1453.mod,
1454,bs_pr1_1454.mod,
1456,bs_pr1_1456.mod,
1458,bs_pr1_1458.mod,
1457,bs_pr1_1457.mod,
1460,bs_pr1_1460.mod,
1463,bs_pr1_1463.mod,
1459,bs_pr1_1459.mod,
1465,bs_pr1_1465.mod,
1462,bs_pr1_1462.mod,
1466,bs_pr1_1466.mod,
1461,bs_pr1_1461.mod,
1468,bs_pr1_1468.mod,
1464,bs_pr1_1464.mod,
1470,bs_pr1_1470.mod,
1467,bs_pr1_1467.mod,
1471,bs_pr1_1471.mod,
1473,bs_pr1_1473.mod,
1474,bs_pr1_1474.mod,
1469,bs_pr1_1469.mod,
1472,bs_pr1_1472.mod,
1475,bs_pr1_1475.mod,
1477,bs_pr1_1477.mod,
1476,bs_pr1_1476.mod,
1478,bs_pr1_1478.mod,
1481,bs_pr1_1481.mod,
1480,bs_pr1_1480.mod,
1482,bs_pr1_1482.mod,
1483,bs_pr1_1483.mod,
1486,bs_pr1_1486.mod,
1485,bs_pr1_1485.mod,
1488,bs_pr1_1488.mod,
1489,bs_pr1_1489.mod,
1479,bs_pr1_1479.mod,
1484,bs_pr1_1484.mod,
1491,bs_pr1_1491.mod,
1487,bs_pr1_1487.mod,
1495,bs_pr1_1495.mod,
1490,bs_pr1_1490.mod,
1493,bs_pr1_1493.mod,
1494,bs_pr1_1494.mod,
1496,bs_pr1_1496.mod,
1492,bs_pr1_1492.mod,
1500,bs_pr1_1500.mod,
1498,bs_pr1_1498.mod,
1499,bs_pr1_1499.mod,
1501,bs_pr1_1501.mod,
1497,bs_pr1_1497.mod,
1504,bs_pr1_1504.mod,
1503,bs_pr1_1503.mod,
1508,bs_pr1_1508.mod,
1507,bs_pr1_1507.mod,
1506,bs_pr1_1506.mod,
1502,bs_pr1_1502.mod,
1511,bs_pr1_1511.mod,
1509,bs_pr1_1509.mod,
1505,bs_pr1_1505.mod,
1513,bs_pr1_1513.mod,
1512,bs_pr1_1512.mod,
1516,bs_pr1_1516.mod,
1514,bs_pr1_1514.mod,
1510,bs_pr1_1510.mod,
1522,bs_pr1_1522.mod,
1520,bs_pr1_1520.mod,
1515,bs_pr1_1515.mod,
1518,bs_pr1_1518.mod,
1519,bs_pr1_1519.mod,
1517,bs_pr1_1517.mod,
1528,bs_pr1_1528.mod,
1526,bs_pr1_1526.mod,
1525,bs_pr1_1525.mod,
1521,bs_pr1_1521.mod,
1523,bs_pr1_1523.mod,
1524,bs_pr1_1524.mod,
1533,bs_pr1_1533.mod,
1527,bs_pr1_1527.mod,
1529,bs_pr1_1529.mod,
1534,bs_pr1_1534.mod,
1532,bs_pr1_1532.mod,
1531,bs_pr1_1531.mod,
1536,bs_pr1_1536.mod,
1538,bs_pr1_1538.mod,
1535,bs_pr1_1535.mod,
1530,bs_pr1_1530.mod,
1537,bs_pr1_1537.mod,
1539,bs_pr1_1539.mod,
1540,bs_pr1_1540.mod,
1544,bs_pr1_1544.mod,
1543,bs_pr1_1543.mod,
1545,bs_pr1_1545.mod,
1541,bs_pr1_1541.mod,
1546,bs_pr1_1546.mod,
1542,bs_pr1_1542.mod,
1549,bs_pr1_1549.mod,
1553,bs_pr1_1553.mod,
1548,bs_pr1_1548.mod,
1550,bs_pr1_1550.mod,
1547,bs_pr1_1547.mod,
1552,bs_pr1_1552.mod,
1554,bs_pr1_1554.mod,
1556,bs_pr1_1556.mod,
1551,bs_pr1_1551.mod,
1557,bs_pr1_1557.mod,
1559,bs_pr1_1559.mod,
1558,bs_pr1_1558.mod,
1560,bs_pr1_1560.mod,
1555,bs_pr1_1555.mod,
1562,bs_pr1_1562.mod,
1563,bs_pr1_1563.mod,
1564,bs_pr1_1564.mod,
1561,bs_pr1_1561.mod,
1569,bs_pr1_1569.mod,
1570,bs_pr1_1570.mod,
1566,bs_pr1_1566.mod,
1568,bs_pr1_1568.mod,
1565,bs_pr1_1565.mod,
1567,bs_pr1_1567.mod,
1573,bs_pr1_1573.mod,
1576,bs_pr1_1576.mod,
1575,bs_pr1_1575.mod,
1571,bs_pr1_1571.mod,
1574,bs_pr1_1574.mod,
1578,bs_pr1_1578.mod,
1572,bs_pr1_1572.mod,
1577,bs_pr1_1577.mod,
1582,bs_pr1_1582.mod,
1583,bs_pr1_1583.mod,
1585,bs_pr1_1585.mod,
1580,bs_pr1_1580.mod,
1588,bs_pr1_1588.mod,
1587,bs_pr1_1587.mod,
1584,bs_pr1_1584.mod,
1579,bs_pr1_1579.mod,
1581,bs_pr1_1581.mod,
1589,bs_pr1_1589.mod,
1586,bs_pr1_1586.mod,
1595,bs_pr1_1595.mod,
1596,bs_pr1_1596.mod,
1591,bs_pr1_1591.mod,
1593,bs_pr1_1593.mod,
1590,bs_pr1_1590.mod,
1592,bs_pr1_1592.mod,
1594,bs_pr1_1594.mod,
1597,bs_pr1_1597.mod,
1602,bs_pr1_1602.mod,
1603,bs_pr1_1603.mod,
1598,bs_pr1_1598.mod,
1604,bs_pr1_1604.mod,
1600,bs_pr1_1600.mod,
1608,bs_pr1_1608.mod,
1601,bs_pr1_1601.mod,
1599,bs_pr1_1599.mod,
1606,bs_pr1_1606.mod,
1610,bs_pr1_1610.mod,
1613,bs_pr1_1613.mod,
1605,bs_pr1_1605.mod,
1609,bs_pr1_1609.mod,
1612,bs_pr1_1612.mod,
1607,bs_pr1_1607.mod,
1611,bs_pr1_1611.mod,
1616,bs_pr1_1616.mod,
1615,bs_pr1_1615.mod,
1620,bs_pr1_1620.mod,
1618,bs_pr1_1618.mod,
1617,bs_pr1_1617.mod,
1619,bs_pr1_1619.mod,
1621,bs_pr1_1621.mod,
1614,bs_pr1_1614.mod,
1624,bs_pr1_1624.mod,
1627,bs_pr1_1627.mod,
1623,bs_pr1_1623.mod,
1626,bs_pr1_1626.mod,
1622,bs_pr1_1622.mod,
1625,bs_pr1_1625.mod,
1628,bs_pr1_1628.mod,
1629,bs_pr1_1629.mod,
1630,bs_pr1_1630.mod,
1638,bs_pr1_1638.mod,
1635,bs_pr1_1635.mod,
1631,bs_pr1_1631.mod,
1633,bs_pr1_1633.mod,
1632,bs_pr1_1632.mod,
1634,bs_pr1_1634.mod,
1636,bs_pr1_1636.mod,
1637,bs_pr1_1637.mod,
1642,bs_pr1_1642.mod,
1639,bs_pr1_1639.mod,
1644,bs_pr1_1644.mod,
1641,bs_pr1_1641.mod,
1640,bs_pr1_1640.mod,
1643,bs_pr1_1643.mod,
1646,bs_pr1_1646.mod,
1648,bs_pr1_1648.mod,
1645,bs_pr1_1645.mod,
1653,bs_pr1_1653.mod,
1647,bs_pr1_1647.mod,
1652,bs_pr1_1652.mod,
1650,bs_pr1_1650.mod,
1651,bs_pr1_1651.mod,
1654,bs_pr1_1654.mod,
1655,bs_pr1_1655.mod,
1649,bs_pr1_1649.mod,
1656,bs_pr1_1656.mod,
1659,bs_pr1_1659.mod,
1657,bs_pr1_1657.mod,
1658,bs_pr1_1658.mod,
1660,bs_pr1_1660.mod,
1663,bs_pr1_1663.mod,
1662,bs_pr1_1662.mod,
1667,bs_pr1_1667.mod,
1665,bs_pr1_1665.mod,
1666,bs_pr1_1666.mod,
1661,bs_pr1_1661.mod,
1668,bs_pr1_1668.mod,
1664,bs_pr1_1664.mod,
1669,bs_pr1_1669.mod,
1670,bs_pr1_1670.mod,
1671,bs_pr1_1671.mod,
1672,bs_pr1_1672.mod,
1673,bs_pr1_1673.mod,
1678,bs_pr1_1678.mod,
1674,bs_pr1_1674.mod,
1677,bs_pr1_1677.mod,
1675,bs_pr1_1675.mod,
1681,bs_pr1_1681.mod,
1676,bs_pr1_1676.mod,
1682,bs_pr1_1682.mod,
1685,bs_pr1_1685.mod,
1680,bs_pr1_1680.mod,
1679,bs_pr1_1679.mod,
1683,bs_pr1_1683.mod,
1689,bs_pr1_1689.mod,
1687,bs_pr1_1687.mod,
1688,bs_pr1_1688.mod,
1690,bs_pr1_1690.mod,
1686,bs_pr1_1686.mod,
1692,bs_pr1_1692.mod,
1684,bs_pr1_1684.mod,
1694,bs_pr1_1694.mod,
1696,bs_pr1_1696.mod,
1691,bs_pr1_1691.mod,
1695,bs_pr1_1695.mod,
1693,bs_pr1_1693.mod,
1698,bs_pr1_1698.mod,
1697,bs_pr1_1697.mod,
1700,bs_pr1_1700.mod,
1702,bs_pr1_1702.mod,
1706,bs_pr1_1706.mod,
1699,bs_pr1_1699.mod,
1701,bs_pr1_1701.mod,
1704,bs_pr1_1704.mod,
1703,bs_pr1_1703.mod,
1707,bs_pr1_1707.mod,
1705,bs_pr1_1705.mod,
1709,bs_pr1_1709.mod,
1712,bs_pr1_1712.mod,
1708,bs_pr1_1708.mod,
1711,bs_pr1_1711.mod,
1713,bs_pr1_1713.mod,
1715,bs_pr1_1715.mod,
1716,bs_pr1_1716.mod,
1719,bs_pr1_1719.mod,
1720,bs_pr1_1720.mod,
1714,bs_pr1_1714.mod,
1721,bs_pr1_1721.mod,
1722,bs_pr1_1722.mod,
1717,bs_pr1_1717.mod,
1710,bs_pr1_1710.mod,
1723,bs_pr1_1723.mod,
1725,bs_pr1_1725.mod,
1724,bs_pr1_1724.mod,
1727,bs_pr1_1727.mod,
1730,bs_pr1_1730.mod,
1726,bs_pr1_1726.mod,
1732,bs_pr1_1732.mod,
1731,bs_pr1_1731.mod,
1718,bs_pr1_1718.mod,
1737,bs_pr1_1737.mod,
1729,bs_pr1_1729.mod,
1728,bs_pr1_1728.mod,
1733,bs_pr1_1733.mod,
1738,bs_pr1_1738.mod,
1736,bs_pr1_1736.mod,
1734,bs_pr1_1734.mod,
1739,bs_pr1_1739.mod,
1741,bs_pr1_1741.mod,
1740,bs_pr1_1740.mod,
1742,bs_pr1_1742.mod,
1745,bs_pr1_1745.mod,
1746,bs_pr1_1746.mod,
1744,bs_pr1_1744.mod,
1735,bs_pr1_1735.mod,
1743,bs_pr1_1743.mod,
1749,bs_pr1_1749.mod,
1750,bs_pr1_1750.mod,
1748,bs_pr1_1748.mod,
1754,bs_pr1_1754.mod,
1752,bs_pr1_1752.mod,
1753,bs_pr1_1753.mod,
1751,bs_pr1_1751.mod,
1747,bs_pr1_1747.mod,
1756,bs_pr1_1756.mod,
1755,bs_pr1_1755.mod,
1757,bs_pr1_1757.mod,
1762,bs_pr1_1762.mod,
1763,bs_pr1_1763.mod,
1759,bs_pr1_1759.mod,
1761,bs_pr1_1761.mod,
1764,bs_pr1_1764.mod,
1765,bs_pr1_1765.mod,
1766,bs_pr1_1766.mod,
1758,bs_pr1_1758.mod,
1760,bs_pr1_1760.mod,
1770,bs_pr1_1770.mod,
1771,bs_pr1_1771.mod,
1769,bs_pr1_1769.mod,
1774,bs_pr1_1774.mod,
1773,bs_pr1_1773.mod,
1768,bs_pr1_1768.mod,
1776,bs_pr1_1776.mod,
1777,bs_pr1_1777.mod,
1767,bs_pr1_1767.mod,
1779,bs_pr1_1779.mod,
1780,bs_pr1_1780.mod,
1772,bs_pr1_1772.mod,
1781,bs_pr1_1781.mod,
1775,bs_pr1_1775.mod,
1778,bs_pr1_1778.mod,
1784,bs_pr1_1784.mod,
1785,bs_pr1_1785.mod,
1786,bs_pr1_1786.mod,
1782,bs_pr1_1782.mod,
1789,bs_pr1_1789.mod,
1787,bs_pr1_1787.mod,
1783,bs_pr1_1783.mod,
1794,bs_pr1_1794.mod,
1790,bs_pr1_1790.mod,
1788,bs_pr1_1788.mod,
1793,bs_pr1_1793.mod,
1791,bs_pr1_1791.mod,
1796,bs_pr1_1796.mod,
1792,bs_pr1_1792.mod,
1797,bs_pr1_1797.mod,
1795,bs_pr1_1795.mod,
1799,bs_pr1_1799.mod,
1800,bs_pr1_1800.mod,
1798,bs_pr1_1798.mod,
1801,bs_pr1_1801.mod,
1804,bs_pr1_1804.mod,
1802,bs_pr1_1802.mod,
1807,bs_pr1_1807.mod,
1809,bs_pr1_1809.mod,
1806,bs_pr1_1806.mod,
1803,bs_pr1_1803.mod,
1805,bs_pr1_1805.mod,
1808,bs_pr1_1808.mod,
1810,bs_pr1_1810.mod,
1811,bs_pr1_1811.mod,
1812,bs_pr1_1812.mod,
1815,bs_pr1_1815.mod,
1816,bs_pr1_1816.mod,
1818,bs_pr1_1818.mod,
1814,bs_pr1_1814.mod,
1813,bs_pr1_1813.mod,
1820,bs_pr1_1820.mod,
1817,bs_pr1_1817.mod,
1824,bs_pr1_1824.mod,
1823,bs_pr1_1823.mod,
1822,bs_pr1_1822.mod,
1826,bs_pr1_1826.mod,
1827,bs_pr1_1827.mod,
1821,bs_pr1_1821.mod,
1819,bs_pr1_1819.mod,
1828,bs_pr1_1828.mod,
1829,bs_pr1_1829.mod,
1830,bs_pr1_1830.mod,
1825,bs_pr1_1825.mod,
1831,bs_pr1_1831.mod,
1832,bs_pr1_1832.mod,
1836,bs_pr1_1836.mod,
1838,bs_pr1_1838.mod,
1835,bs_pr1_1835.mod,
1834,bs_pr1_1834.mod,
1833,bs_pr1_1833.mod,
1840,bs_pr1_1840.mod,
1837,bs_pr1_1837.mod,
1841,bs_pr1_1841.mod,
1844,bs_pr1_1844.mod,
1839,bs_pr1_1839.mod,
1846,bs_pr1_1846.mod,
1842,bs_pr1_1842.mod,
1847,bs_pr1_1847.mod,
1843,bs_pr1_1843.mod,
1848,bs_pr1_1848.mod,
1849,bs_pr1_1849.mod,
1852,bs_pr1_1852.mod,
1851,bs_pr1_1851.mod,
1845,bs_pr1_1845.mod,
1854,bs_pr1_1854.mod,
1853,bs_pr1_1853.mod,
1850,bs_pr1_1850.mod,
1858,bs_pr1_1858.mod,
1856,bs_pr1_1856.mod,
1857,bs_pr1_1857.mod,
1861,bs_pr1_1861.mod,
1855,bs_pr1_1855.mod,
1863,bs_pr1_1863.mod,
1862,bs_pr1_1862.mod,
1859,bs_pr1_1859.mod,
1864,bs_pr1_1864.mod,
1870,bs_pr1_1870.mod,
1860,bs_pr1_1860.mod,
1869,bs_pr1_1869.mod,
1866,bs_pr1_1866.mod,
1868,bs_pr1_1868.mod,
1865,bs_pr1_1865.mod,
1867,bs_pr1_1867.mod,
1874,bs_pr1_1874.mod,
1872,bs_pr1_1872.mod,
1873,bs_pr1_1873.mod,
1879,bs_pr1_1879.mod,
1877,bs_pr1_1877.mod,
1876,bs_pr1_1876.mod,
1875,bs_pr1_1875.mod,
1880,bs_pr1_1880.mod,
1871,bs_pr1_1871.mod,
1878,bs_pr1_1878.mod,
1881,bs_pr1_1881.mod,
1885,bs_pr1_1885.mod,
1884,bs_pr1_1884.mod,
1887,bs_pr1_1887.mod,
1883,bs_pr1_1883.mod,
1882,bs_pr1_1882.mod,
1886,bs_pr1_1886.mod,
1888,bs_pr1_1888.mod,
1889,bs_pr1_1889.mod,
1892,bs_pr1_1892.mod,
1893,bs_pr1_1893.mod,
1895,bs_pr1_1895.mod,
1891,bs_pr1_1891.mod,
1890,bs_pr1_1890.mod,
1896,bs_pr1_1896.mod,
1898,bs_pr1_1898.mod,
1894,bs_pr1_1894.mod,
1897,bs_pr1_1897.mod,
1903,bs_pr1_1903.mod,
1900,bs_pr1_1900.mod,
1905,bs_pr1_1905.mod,
1904,bs_pr1_1904.mod,
1901,bs_pr1_1901.mod,
1899,bs_pr1_1899.mod,
1902,bs_pr1_1902.mod,
1907,bs_pr1_1907.mod,
1908,bs_pr1_1908.mod,
1906,bs_pr1_1906.mod,
1909,bs_pr1_1909.mod,
1911,bs_pr1_1911.mod,
1910,bs_pr1_1910.mod,
1912,bs_pr1_1912.mod,
1915,bs_pr1_1915.mod,
1913,bs_pr1_1913.mod,
1914,bs_pr1_1914.mod,
1918,bs_pr1_1918.mod,
1919,bs_pr1_1919.mod,
1916,bs_pr1_1916.mod,
1922,bs_pr1_1922.mod,
1917,bs_pr1_1917.mod,
1920,bs_pr1_1920.mod,
1924,bs_pr1_1924.mod,
1926,bs_pr1_1926.mod,
1923,bs_pr1_1923.mod,
1925,bs_pr1_1925.mod,
1927,bs_pr1_1927.mod,
1921,bs_pr1_1921.mod,
1929,bs_pr1_1929.mod,
1928,bs_pr1_1928.mod,
1930,bs_pr1_1930.mod,
1933,bs_pr1_1933.mod,
1934,bs_pr1_1934.mod,
1935,bs_pr1_1935.mod,
1938,bs_pr1_1938.mod,
1932,bs_pr1_1932.mod,
1936,bs_pr1_1936.mod,
1937,bs_pr1_1937.mod,
1941,bs_pr1_1941.mod,
1931,bs_pr1_1931.mod,
1942,bs_pr1_1942.mod,
1939,bs_pr1_1939.mod,
1944,bs_pr1_1944.mod,
1945,bs_pr1_1945.mod,
1940,bs_pr1_1940.mod,
1947,bs_pr1_1947.mod,
1943,bs_pr1_1943.mod,
1951,bs_pr1_1951.mod,
1950,bs_pr1_1950.mod,
1954,bs_pr1_1954.mod,
1953,bs_pr1_1953.mod,
1946,bs_pr1_1946.mod,
1949,bs_pr1_1949.mod,
1952,bs_pr1_1952.mod,
1957,bs_pr1_1957.mod,
1955,bs_pr1_1955.mod,
1956,bs_pr1_1956.mod,
1961,bs_pr1_1961.mod,
1958,bs_pr1_1958.mod,
1959,bs_pr1_1959.mod,
1960,bs_pr1_1960.mod,
1948,bs_pr1_1948.mod,
1962,bs_pr1_1962.mod,
1963,bs_pr1_1963.mod,
1964,bs_pr1_1964.mod,
1966,bs_pr1_1966.mod,
1967,bs_pr1_1967.mod,
1965,bs_pr1_1965.mod,
1969,bs_pr1_1969.mod,
1970,bs_pr1_1970.mod,
1972,bs_pr1_1972.mod,
1975,bs_pr1_1975.mod,
1971,bs_pr1_1971.mod,
1973,bs_pr1_1973.mod,
1974,bs_pr1_1974.mod,
1976,bs_pr1_1976.mod,
1981,bs_pr1_1981.mod,
1977,bs_pr1_1977.mod,
1980,bs_pr1_1980.mod,
1978,bs_pr1_1978.mod,
1984,bs_pr1_1984.mod,
1979,bs_pr1_1979.mod,
1983,bs_pr1_1983.mod,
1968,bs_pr1_1968.mod,
1982,bs_pr1_1982.mod,
1985,bs_pr1_1985.mod,
1988,bs_pr1_1988.mod,
1987,bs_pr1_1987.mod,
1986,bs_pr1_1986.mod,
1993,bs_pr1_1993.mod,
1989,bs_pr1_1989.mod,
1990,bs_pr1_1990.mod,
1995,bs_pr1_1995.mod,
1997,bs_pr1_1997.mod,
1994,bs_pr1_1994.mod,
1991,bs_pr1_1991.mod,
1999,bs_pr1_1999.mod,
1992,bs_pr1_1992.mod,
1998,bs_pr1_1998.mod,
1996,bs_pr1_1996.mod,
2000,bs_pr1_2000.mod,
